player;team;appearances;average_rating;fantasy_average;goals;goals_conceded;penalties;penalties_saved;assists;yellow_cards;red_cards;season
De Luca;CRE;1;7,0;10,0;1;0;1 / 1;0;0;0;0;2025-26
Malen;ROM;18;6,75;9,0;14;0;3 / 4;0;2;1;0;2025-26
Martinez L.;INT;30;6,48;8,32;17;0;0 / 0;0;6;4;0;2025-26
Thuram;INT;29;6,36;7,88;13;0;0 / 0;0;6;2;0;2025-26
Lukaku;NAP;2;6,5;7,75;1;0;0 / 0;0;0;1;0;2025-26
Dimarco;INT;35;6,66;7,7;7;0;0 / 0;0;17;3;0;2025-26
Belotti;CAG;4;6,12;7,62;2;0;1 / 1;0;0;0;0;2025-26
Calhanoglu;INT;22;6,41;7,52;9;0;4 / 5;0;4;7;0;2025-26
Scamacca;ATA;23;6,20;7,5;10;0;2 / 2;0;1;2;0;2025-26
Yildiz;JUV;36;6,53;7,42;10;0;1 / 2;0;6;2;0;2025-26
Paz N.;COM;35;6,46;7,39;12;0;0 / 2;0;5;5;0;2025-26
Douvikas;COM;36;6,19;7,39;14;0;1 / 1;0;1;0;0;2025-26
Hojlund;NAP;33;6,15;7,38;12;0;1 / 1;0;5;1;0;2025-26
De Bruyne;NAP;18;6,39;7,31;5;0;3 / 3;0;2;1;0;2025-26
Vlahovic;JUV;18;6,08;7,25;7;0;1 / 1;0;0;0;0;2025-26
Simeone;TOR;32;6,23;7,25;11;0;0 / 0;0;0;1;0;2025-26
Davis K.;UDI;30;6,15;7,2;10;0;4 / 4;0;4;5;0;2025-26
McTominay;NAP;33;6,30;7,17;10;0;0 / 1;0;2;1;0;2025-26
Baturina;COM;26;6,35;7,15;6;0;0 / 0;0;3;0;0;2025-26
Berardi;SAS;26;6,23;7,12;8;0;2 / 3;0;4;2;1;2025-26
Krstovic;ATA;32;6,08;7,11;10;0;0 / 0;0;5;4;0;2025-26
Santos A.;NAP;14;6,29;7,11;4;0;0 / 0;0;0;1;0;2025-26
Esposito F.P.;INT;32;6,31;7,05;7;0;0 / 0;0;3;1;0;2025-26
Kostic;JUV;11;6,18;7,05;3;0;0 / 0;0;1;1;0;2025-26
Bonazzoli;CRE;35;6,19;7,04;10;0;3 / 3;0;2;4;0;2025-26
Boga;JUV;13;6,08;7,04;4;0;0 / 0;0;1;1;0;2025-26
Zielinski;INT;31;6,5;7,03;6;0;1 / 1;0;2;3;0;2025-26
Pulisic;MIL;29;6,12;6,98;8;0;0 / 1;0;4;0;0;2025-26
Nkunku;MIL;28;6,12;6,98;7;0;5 / 5;0;3;0;0;2025-26
Berisha M.;LEC;13;6,27;6,96;2;0;0 / 0;0;3;0;0;2025-26
Dovbyk;ROM;12;6,12;6,96;3;0;0 / 0;0;1;0;0;2025-26
Atta;UDI;32;6,42;6,94;5;0;0 / 0;0;3;3;0;2025-26
Da Cunha;COM;36;6,35;6,90;6;0;4 / 4;0;4;4;0;2025-26
Esposito Se.;CAG;36;6,29;6,90;7;0;1 / 1;0;4;6;0;2025-26
"Soul&#xE8;";ROM;32;6,16;6,86;6;0;0 / 0;0;5;1;0;2025-26
Rabiot;MIL;29;6,19;6,84;6;0;0 / 0;0;4;4;1;2025-26
Zaniolo;UDI;31;6,32;6,84;5;0;0 / 0;0;5;8;0;2025-26
Elphege;PAR;9;6,06;6,83;2;0;0 / 0;0;1;0;0;2025-26
Orsolini;BOL;33;6,09;6,82;10;0;4 / 6;0;1;2;0;2025-26
Zambo Anguissa;NAP;18;6,11;6,81;4;0;0 / 0;0;1;1;0;2025-26
Neres;NAP;16;6,16;6,81;3;0;0 / 0;0;3;3;0;2025-26
Bonny;INT;28;6,11;6,77;5;0;0 / 0;0;4;1;0;2025-26
Bremer;JUV;26;6,29;6,77;4;0;0 / 0;0;3;5;0;2025-26
Leao;MIL;28;5,79;6,77;9;0;2 / 2;0;3;5;0;2025-26
"Laurient&#xE8;";SAS;37;6,01;6,77;7;0;0 / 0;0;9;4;0;2025-26
Pavlovic;MIL;34;6,37;6,75;5;0;0 / 0;0;0;4;0;2025-26
Kean;FIO;26;5,85;6,73;8;0;2 / 2;0;1;4;0;2025-26
Castellanos;LAZ;11;6,0;6,73;2;0;0 / 0;0;3;2;0;2025-26
Raspadori;ATA;13;5,96;6,73;3;0;0 / 0;0;1;0;0;2025-26
Barella;INT;34;6,29;6,72;3;0;0 / 0;0;9;7;0;2025-26
McKennie;JUV;34;6,18;6,72;5;0;0 / 0;0;6;5;0;2025-26
Castro S.;BOL;35;6,13;6,71;7;0;0 / 0;0;1;3;0;2025-26
Strefezza;PAR;14;6,25;6,71;2;0;0 / 0;0;2;3;0;2025-26
Bernardeschi;BOL;25;6,2;6,7;4;0;1 / 1;0;2;3;0;2025-26
Ferguson E.;ROM;15;6,0;6,7;3;0;0 / 0;0;2;1;0;2025-26
Adzic;JUV;5;6,1;6,7;1;0;0 / 0;0;0;0;0;2025-26
Pedro;LAZ;24;6,06;6,69;5;0;2 / 2;0;2;4;0;2025-26
Kilicsoy;CAG;18;6,03;6,69;4;0;0 / 0;0;0;1;0;2025-26
Modric;MIL;33;6,47;6,68;2;0;0 / 0;0;3;4;0;2025-26
Bisseck;INT;23;6,24;6,67;3;0;0 / 0;0;2;2;0;2025-26
Adams C.;TOR;33;6,03;6,67;6;0;0 / 0;0;3;0;0;2025-26
Mancini;ROM;36;6,38;6,64;4;0;0 / 0;0;2;9;0;2025-26
"Kon&#xE8; I.";SAS;35;6,2;6,64;6;0;0 / 0;0;0;3;1;2025-26
Messias;GEN;19;6,13;6,63;3;0;1 / 1;0;1;1;0;2025-26
Orban G.;VER;28;5,91;6,62;7;0;2 / 2;0;2;4;1;2025-26
Mendy P.;CAG;8;5,94;6,62;2;0;0 / 0;0;0;1;0;2025-26
Dybala;ROM;22;6,16;6,61;2;0;0 / 1;0;7;0;0;2025-26
Bowie;VER;14;5,79;6,61;4;0;0 / 0;0;0;1;0;2025-26
Perrone;COM;36;6,35;6,60;3;0;0 / 0;0;4;8;0;2025-26
Mandragora;FIO;34;6,03;6,60;7;0;1 / 1;0;2;7;0;2025-26
Cabal;JUV;10;6,05;6,6;2;0;0 / 0;0;0;1;0;2025-26
Bravo;UDI;5;6,1;6,6;1;0;0 / 0;0;0;1;0;2025-26
Thorstvedt;SAS;31;6,24;6,58;4;0;0 / 0;0;3;9;0;2025-26
Noslin;LAZ;22;6,07;6,57;4;0;0 / 0;0;2;4;1;2025-26
Saelemaekers;MIL;35;6,3;6,57;3;0;0 / 0;0;3;5;0;2025-26
Conceicao;JUV;31;6,16;6,56;3;0;0 / 0;0;5;3;0;2025-26
Pinamonti;SAS;35;5,84;6,56;9;0;0 / 1;0;3;2;1;2025-26
Kempf;COM;31;6,18;6,55;4;0;0 / 0;0;1;3;0;2025-26
Rodriguez Je.;COM;30;6,17;6,55;2;0;0 / 0;0;8;3;1;2025-26
Addai;COM;12;5,96;6,54;3;0;0 / 0;0;0;4;0;2025-26
Pellegrini Lo.;ROM;24;6,0;6,54;4;0;2 / 2;0;2;2;0;2025-26
Ekkelenkamp;UDI;31;5,97;6,53;5;0;0 / 0;0;3;1;0;2025-26
Ostigard;GEN;30;6,15;6,53;5;0;0 / 0;0;0;7;0;2025-26
Akanji;INT;33;6,41;6,53;2;0;0 / 0;0;0;4;0;2025-26
Taylor K.;LAZ;17;6,03;6,53;3;0;0 / 0;0;2;5;0;2025-26
Rrahmani;NAP;21;6,31;6,52;2;0;0 / 0;0;0;3;0;2025-26
Malinovskyi;GEN;34;6,04;6,51;6;0;3 / 3;0;3;10;0;2025-26
Solet;UDI;35;6,3;6,51;3;0;1 / 1;0;1;1;0;2025-26
Odgaard;BOL;22;5,80;6,5;5;0;0 / 0;0;1;1;0;2025-26
Borrelli;CAG;26;5,96;6,5;5;0;0 / 0;0;1;4;0;2025-26
Kalulu;JUV;37;6,28;6,5;2;0;0 / 0;0;4;2;1;2025-26
Rinaldi;PAR;1;7,0;6,5;0;0;0 / 0;0;0;1;0;2025-26
Mazzitelli;CAG;15;6,03;6,5;2;0;0 / 0;0;2;3;0;2025-26
Solomon;FIO;14;6,04;6,5;2;0;0 / 0;0;1;1;0;2025-26
De Ketelaere;ATA;31;6,10;6,48;3;0;0 / 0;0;5;4;0;2025-26
Ederson D.S.;ATA;30;6,28;6,47;2;0;1 / 1;0;1;3;0;2025-26
Rensch;ROM;18;6,11;6,47;1;0;0 / 0;0;4;1;0;2025-26
Basic;LAZ;23;6,11;6,46;2;0;0 / 0;0;3;0;1;2025-26
Pisilli;ROM;23;6,09;6,46;2;0;0 / 0;0;4;3;0;2025-26
Vlasic;TOR;37;5,82;6,46;8;0;5 / 5;0;3;7;0;2025-26
Lookman;ATA;11;5,91;6,45;2;0;0 / 0;0;0;0;0;2025-26
Okereke;CRE;10;5,85;6,45;2;0;0 / 0;0;0;0;0;2025-26
Pellegrino M.;PAR;37;5,78;6,45;9;0;1 / 1;0;0;5;0;2025-26
Posch;COM;8;6,12;6,44;1;0;0 / 0;0;0;1;0;2025-26
"Bernab&#xE8;";PAR;32;6,12;6,44;3;0;0 / 0;0;1;0;0;2025-26
Hermoso;ROM;27;6,20;6,44;3;0;0 / 0;0;2;9;0;2025-26
Palestra;CAG;37;6,28;6,43;1;0;0 / 0;0;4;3;0;2025-26
Mkhitaryan;INT;30;6,08;6,43;4;0;0 / 0;0;1;5;0;2025-26
Isaksen;LAZ;28;5,86;6,43;5;0;0 / 0;0;1;0;0;2025-26
Spinazzola;NAP;30;6,05;6,43;3;0;0 / 0;0;3;1;0;2025-26
Wesley;ROM;30;6,08;6,43;5;0;0 / 0;0;0;5;2;2025-26
Volpato;SAS;21;6,05;6,43;2;0;0 / 0;0;4;4;0;2025-26
Rowe;BOL;28;6,04;6,43;3;0;0 / 0;0;3;2;0;2025-26
"N&#x27;Dicka";ROM;31;6,18;6,42;3;0;0 / 0;0;1;5;0;2025-26
Casadei;TOR;32;5,94;6,42;6;0;0 / 0;0;0;5;0;2025-26
Holm;JUV;16;6,06;6,41;1;0;0 / 0;0;4;1;1;2025-26
Felici;CAG;11;5,91;6,41;2;0;0 / 0;0;1;3;0;2025-26
"Kon&#xE8; M.";ROM;29;6,14;6,41;2;0;0 / 0;0;3;2;0;2025-26
Vardy;CRE;29;5,72;6,40;7;0;0 / 0;0;1;5;0;2025-26
Maldini;LAZ;18;6,03;6,39;2;0;0 / 0;0;1;1;0;2025-26
Moreno Alb.;COM;18;6,11;6,39;2;0;0 / 0;0;1;4;0;2025-26
Vazquez;CRE;13;6,0;6,38;1;0;0 / 0;0;2;1;0;2025-26
Fagioli;FIO;33;6,18;6,38;2;0;0 / 0;0;3;5;0;2025-26
Loftus-Cheek;MIL;24;6,0;6,38;3;0;0 / 0;0;1;2;0;2025-26
Baldanzi;GEN;17;6,15;6,38;1;0;0 / 0;0;2;2;0;2025-26
Lorran;PIS;8;6,0;6,38;1;0;0 / 0;0;0;0;0;2025-26
Garcia U.;SAS;13;6,12;6,38;1;0;0 / 0;0;2;3;0;2025-26
Moreo;PIS;35;5,8;6,37;7;0;2 / 2;0;0;2;0;2025-26
Gaetano;CAG;32;6,11;6,36;2;0;0 / 0;0;4;4;0;2025-26
Zalewski;ATA;32;6,06;6,36;2;0;0 / 0;0;5;3;0;2025-26
Banda;LEC;32;5,89;6,36;5;0;0 / 0;0;4;6;1;2025-26
Scalvini;ATA;24;5,98;6,35;3;0;0 / 0;0;1;2;0;2025-26
Colombo;GEN;37;5,86;6,35;7;0;1 / 2;0;1;2;0;2025-26
Dumfries;INT;20;5,9;6,35;3;0;0 / 0;0;1;2;0;2025-26
Di Lorenzo;NAP;26;6,10;6,35;2;0;0 / 0;0;1;1;0;2025-26
Caqueret;COM;29;6,05;6,34;2;0;0 / 0;0;4;3;0;2025-26
Ekuban;GEN;29;5,90;6,34;4;0;0 / 0;0;1;0;0;2025-26
Bastoni;INT;28;6,20;6,34;1;0;0 / 0;0;4;6;0;2025-26
Vaz;ROM;9;6,0;6,33;1;0;0 / 0;0;0;0;0;2025-26
Zaragoza;ROM;3;6,17;6,33;0;0;0 / 0;0;1;1;0;2025-26
Vandeputte;CRE;31;6,11;6,32;1;0;0 / 0;0;5;3;0;2025-26
Locatelli;JUV;36;6,39;6,32;1;0;0 / 1;0;2;9;0;2025-26
Gatti;JUV;18;6,06;6,31;2;0;0 / 0;0;0;3;0;2025-26
Giovane;NAP;31;5,85;6,31;3;0;0 / 0;0;6;2;0;2025-26
Piccoli;FIO;27;5,83;6,30;4;0;0 / 0;0;1;1;0;2025-26
Valle;COM;27;6,13;6,30;1;0;0 / 0;0;3;3;0;2025-26
Vergara;NAP;10;6,1;6,3;1;0;0 / 0;0;0;2;0;2025-26
Pavoletti;CAG;7;5,93;6,29;1;0;0 / 0;0;0;1;0;2025-26
Ekhator;GEN;28;6,02;6,29;3;0;0 / 0;0;0;3;0;2025-26
Thuram K.;JUV;35;6,0;6,29;3;0;0 / 0;0;2;2;0;2025-26
Coulibaly L.;LEC;33;6,05;6,29;3;0;0 / 0;0;1;4;0;2025-26
Iannoni;SAS;7;5,93;6,29;1;0;0 / 0;0;0;3;0;2025-26
Diao;COM;16;5,91;6,28;2;0;0 / 0;0;1;2;0;2025-26
Cataldi;LAZ;27;5,94;6,28;3;0;2 / 2;0;3;6;0;2025-26
Diego Carlos;COM;25;6,32;6,28;1;0;0 / 0;0;0;8;0;2025-26
Gosens;FIO;26;5,92;6,27;3;0;0 / 0;0;1;2;0;2025-26
Benedyczak;PAR;13;6,0;6,27;1;0;1 / 1;0;1;1;0;2025-26
Diouf;INT;13;6,08;6,27;1;0;0 / 0;0;0;1;0;2025-26
Pasalic;ATA;33;5,94;6,26;3;0;0 / 0;0;3;3;0;2025-26
Samardzic;ATA;23;5,93;6,26;2;0;0 / 0;0;2;1;0;2025-26
"Dod&#xF2;";FIO;36;6,22;6,26;1;0;0 / 0;0;2;7;0;2025-26
Vitinha O.;GEN;33;5,85;6,26;5;0;0 / 0;0;1;5;0;2025-26
Cancellieri;LAZ;29;5,91;6,26;4;0;0 / 0;0;1;6;0;2025-26
Gudmundsson A.;FIO;32;5,78;6,25;5;0;3 / 3;0;3;4;1;2025-26
Politano;NAP;34;5,99;6,25;2;0;0 / 0;0;5;4;0;2025-26
El Shaarawy;ROM;18;6,06;6,25;1;0;0 / 0;0;2;4;0;2025-26
Kristensen T.;UDI;28;6,0;6,25;3;0;0 / 0;0;0;4;0;2025-26
Cheddira;LEC;24;5,75;6,25;4;0;0 / 0;0;1;3;0;2025-26
Pedro Felipe;SAS;2;5,75;6,25;0;0;0 / 0;0;1;0;0;2025-26
Cambiaghi;BOL;27;5,85;6,24;3;0;0 / 0;0;4;3;1;2025-26
Zanoli;UDI;19;6,0;6,24;1;0;0 / 0;0;2;1;0;2025-26
David;JUV;30;5,67;6,23;6;0;0 / 1;0;2;0;0;2025-26
Belghali;VER;26;6,12;6,23;2;0;0 / 0;0;0;6;0;2025-26
Buksa;UDI;22;5,89;6,23;3;0;0 / 0;0;0;3;0;2025-26
Harrison;FIO;15;5,87;6,23;1;0;0 / 0;0;3;1;0;2025-26
Brescianini;FIO;20;5,92;6,22;2;0;0 / 0;0;1;2;0;2025-26
Obrador;TOR;16;5,88;6,22;1;0;0 / 0;0;3;1;0;2025-26
Moro N.;BOL;28;6,02;6,21;2;0;0 / 0;0;0;1;0;2025-26
Vasquez;GEN;36;6,15;6,21;1;0;0 / 0;0;0;2;0;2025-26
Miretti;JUV;17;6,0;6,21;1;0;0 / 0;0;1;1;0;2025-26
Ricci S.;MIL;29;6,03;6,21;1;0;0 / 0;0;3;3;0;2025-26
Gilmour;NAP;14;6,04;6,21;1;0;0 / 0;0;0;1;0;2025-26
Kabasele;UDI;29;6,02;6,21;3;0;0 / 0;0;0;5;1;2025-26
Gandelman;LEC;17;5,79;6,21;2;0;0 / 0;0;1;0;0;2025-26
Idrissi R.;CAG;20;5,98;6,2;2;0;0 / 0;0;0;3;0;2025-26
Thorsby;CRE;22;5,84;6,20;3;0;0 / 0;0;1;4;0;2025-26
Cristante;ROM;37;6,09;6,20;2;0;0 / 0;0;1;6;0;2025-26
Athekame;MIL;20;5,88;6,2;2;0;0 / 0;0;2;3;0;2025-26
Zappacosta;ATA;35;5,94;6,19;3;0;0 / 0;0;1;3;0;2025-26
Dallinga;BOL;18;5,86;6,19;2;0;0 / 0;0;1;2;0;2025-26
Norton-Cuffy;GEN;27;6,02;6,19;2;0;0 / 0;0;1;3;1;2025-26
Celik;ROM;33;6,09;6,18;1;0;0 / 0;0;2;2;1;2025-26
Kuhn;COM;18;5,94;6,17;1;0;0 / 0;0;1;0;0;2025-26
Delprato;PAR;35;6,07;6,17;2;0;0 / 0;0;0;5;0;2025-26
El Aynaoui;ROM;21;6,05;6,17;1;0;0 / 0;0;2;5;0;2025-26
Rui Modesto;UDI;3;5,83;6,17;0;0;0 / 0;0;1;0;0;2025-26
Kelly L.;JUV;35;6,1;6,16;1;0;0 / 0;0;1;4;0;2025-26
Guendouzi;LAZ;16;6,0;6,16;2;0;0 / 0;0;0;5;1;2025-26
Lobotka;NAP;31;6,11;6,16;1;0;0 / 0;0;0;3;0;2025-26
Nzola;SAS;29;5,88;6,16;4;0;2 / 3;0;1;2;1;2025-26
Bernasconi;ATA;22;6,09;6,16;0;0;0 / 0;0;3;3;0;2025-26
Pobega;BOL;23;5,80;6,15;3;0;0 / 0;0;1;2;1;2025-26
Mina;CAG;26;5,98;6,15;2;0;0 / 0;0;1;3;1;2025-26
Joao Mario;BOL;17;5,97;6,15;1;0;0 / 0;0;1;2;0;2025-26
Tiago Gabriel;LEC;37;6,12;6,15;2;0;0 / 0;0;0;7;0;2025-26
Musah;ATA;17;6,0;6,15;1;0;0 / 0;0;0;1;0;2025-26
Valeri;PAR;34;6,12;6,15;0;0;0 / 0;0;2;2;0;2025-26
Maripan;TOR;26;6,0;6,15;2;0;0 / 0;0;0;4;0;2025-26
Folino;CRE;11;5,86;6,14;1;0;0 / 0;0;0;0;0;2025-26
Sucic P.;INT;28;5,95;6,14;2;0;0 / 0;0;2;5;0;2025-26
Baschirotto;CRE;29;5,97;6,14;2;0;0 / 0;0;0;2;0;2025-26
Bartesaghi;MIL;31;6,05;6,13;2;0;0 / 0;0;0;3;0;2025-26
Sulemana K.;ATA;22;5,89;6,11;2;0;0 / 0;0;1;4;0;2025-26
Lang;NAP;14;5,82;6,11;1;0;0 / 0;0;2;2;0;2025-26
Miranda J.;BOL;31;6,0;6,10;1;0;0 / 0;0;3;6;0;2025-26
Zapata D.;TOR;24;5,81;6,10;3;0;0 / 1;0;1;0;0;2025-26
Sarmiento J.;CRE;5;6,1;6,1;0;0;0 / 0;0;0;0;0;2025-26
Folorunsho;CAG;27;5,93;6,09;2;0;0 / 0;0;0;3;0;2025-26
Parisi;FIO;23;6,13;6,09;1;0;0 / 0;0;1;6;0;2025-26
Carlos Augusto;INT;29;6,05;6,09;1;0;0 / 0;0;1;6;0;2025-26
Beukema;NAP;22;5,86;6,09;2;0;0 / 0;0;0;2;0;2025-26
Njie;TOR;11;5,77;6,09;1;0;0 / 0;0;1;2;0;2025-26
Cuadrado;PIS;16;6,0;6,09;1;0;1 / 1;0;0;3;0;2025-26
Fabbian;FIO;24;5,85;6,08;2;0;0 / 0;0;0;2;0;2025-26
"N&#x27;Dri";LEC;19;5,84;6,08;2;0;0 / 0;0;0;3;0;2025-26
Circati;PAR;31;6,08;6,08;1;0;0 / 0;0;0;6;0;2025-26
Leris;PIS;32;5,83;6,08;2;0;0 / 0;0;3;2;0;2025-26
Tramoni M.;PIS;26;5,83;6,08;2;0;1 / 1;0;2;3;0;2025-26
Fadera;SAS;26;5,88;6,08;2;0;0 / 0;0;1;5;0;2025-26
Ramon;COM;32;6,09;6,08;2;0;0 / 0;0;0;11;1;2025-26
Dominguez B.;BOL;14;5,89;6,07;0;0;0 / 0;0;3;1;0;2025-26
Obert;CAG;34;6,13;6,07;0;0;0 / 0;0;3;8;1;2025-26
Vojvoda;COM;27;5,85;6,07;2;0;0 / 0;0;1;2;0;2025-26
Johnsen;CRE;9;5,61;6,06;1;0;0 / 0;0;1;0;0;2025-26
Frendrup;GEN;36;6,04;6,06;1;0;0 / 0;0;0;5;0;2025-26
De Vrij;INT;9;6,11;6,06;0;0;0 / 0;0;0;1;0;2025-26
Gutierrez;NAP;24;5,90;6,06;1;0;0 / 0;0;1;0;0;2025-26
Ndour;FIO;31;5,79;6,05;3;0;0 / 0;0;0;2;0;2025-26
Martin;GEN;29;5,91;6,05;1;0;0 / 1;0;5;2;0;2025-26
Sottil;LEC;21;5,83;6,05;1;0;0 / 0;0;2;1;0;2025-26
Luis Henrique;INT;27;5,87;6,04;1;0;0 / 0;0;2;1;0;2025-26
Zaccagni;LAZ;26;5,96;6,04;3;0;0 / 1;0;0;6;1;2025-26
Djuric;CRE;12;6,04;6,04;0;0;0 / 0;0;1;2;0;2025-26
Ehizibue;UDI;27;5,91;6,04;2;0;0 / 0;0;0;5;0;2025-26
Kamara H.;UDI;26;6,06;6,04;0;0;0 / 0;0;2;5;0;2025-26
Acerbi;INT;17;6,12;6,03;0;0;0 / 0;0;0;3;0;2025-26
Serdar;VER;19;5,79;6,03;2;0;0 / 0;0;0;3;0;2025-26
Romagnoli;LAZ;32;6,12;6,02;0;0;0 / 0;0;0;5;1;2025-26
De Roon;ATA;34;5,99;6,01;1;0;0 / 0;0;2;6;1;2025-26
Freuler;BOL;29;5,98;6,0;1;0;0 / 0;0;2;5;0;2025-26
Goldaniga;COM;1;6,0;6,0;0;0;0 / 0;0;0;0;0;2025-26
Smolcic I.;COM;25;6,12;6,0;0;0;0 / 0;0;1;8;0;2025-26
Christensen O.;FIO;1;7,0;6,0;0;1;0 / 0;0;0;0;0;2025-26
Sabiri;FIO;1;6,0;6,0;0;0;0 / 0;0;0;0;0;2025-26
Pavard;INT;1;6,0;6,0;0;0;0 / 0;0;0;0;0;2025-26
Gonzalez N.;JUV;1;6,0;6,0;0;0;0 / 0;0;0;0;0;2025-26
Milik;JUV;2;6,0;6,0;0;0;0 / 0;0;0;0;0;2025-26
Jean;LEC;6;6,08;6,0;0;0;0 / 0;0;0;1;0;2025-26
Gallo;LEC;37;5,96;6,0;0;0;0 / 0;0;3;3;0;2025-26
Pierret;LEC;1;6,0;6,0;0;0;0 / 0;0;0;0;0;2025-26
Terracciano;MIL;2;6,0;6,0;0;0;0 / 0;0;0;0;0;2025-26
Fofana Y.;MIL;33;5,79;6,0;2;0;0 / 0;0;3;4;0;2025-26
Chukwueze;MIL;1;6,0;6,0;0;0;0 / 0;0;0;0;0;2025-26
Contini;NAP;1;6,0;6,0;0;0;0 / 0;0;0;0;0;2025-26
Esteves T.;PIS;1;6,0;6,0;0;0;0 / 0;0;0;0;0;2025-26
Buffon L.;PIS;1;6,0;6,0;0;0;0 / 0;0;0;0;0;2025-26
Ismajli;TOR;24;6,02;6,0;0;0;0 / 0;0;2;5;0;2025-26
Bernede;VER;31;5,87;6,0;1;0;0 / 0;0;2;2;0;2025-26
Kastanos;VER;2;6,0;6,0;0;0;0 / 0;0;0;0;0;2025-26
Ilkhan;TOR;18;5,83;6,0;1;0;0 / 0;0;2;2;1;2025-26
"Kouam&#xE8;";FIO;1;6,0;6,0;0;0;0 / 0;0;0;0;0;2025-26
Kouadio;FIO;1;6,0;6,0;0;0;0 / 0;0;0;0;0;2025-26
Siebert;LEC;19;5,92;6,0;1;0;0 / 0;0;0;3;0;2025-26
Gorter;LEC;1;6,0;6,0;0;0;0 / 0;0;0;0;0;2025-26
Matic;SAS;34;6,0;6,0;1;0;0 / 0;0;1;6;1;2025-26
Ambrosino;NAP;1;6,0;6,0;0;0;0 / 0;0;0;0;0;2025-26
Moumbagna;CRE;5;6,0;6,0;0;0;0 / 0;0;0;0;0;2025-26
Onana J.;GEN;2;6,0;6,0;0;0;0 / 0;0;0;0;0;2025-26
Zhegrova;JUV;14;6,04;6,0;0;0;0 / 0;0;0;1;0;2025-26
Albiol;PIS;8;5,94;6,0;0;0;0 / 0;0;1;1;0;2025-26
Arena A.;ROM;1;6,0;6,0;0;0;0 / 0;0;0;0;0;2025-26
Isaac;VER;2;6,0;6,0;0;0;0 / 0;0;0;0;0;2025-26
Zatterstrom;GEN;2;6,0;6,0;0;0;0 / 0;0;0;0;0;2025-26
Albarracin;CAG;2;6,0;6,0;0;0;0 / 0;0;0;0;0;2025-26
Bakola;SAS;3;6,0;6,0;0;0;0 / 0;0;0;0;0;2025-26
Vermesan;VER;1;6,0;6,0;0;0;0 / 0;0;0;0;0;2025-26
Balbo;FIO;6;6,0;6,0;0;0;0 / 0;0;0;0;0;2025-26
Terracciano F.;CRE;36;6,01;5,99;2;0;0 / 0;0;0;6;0;2025-26
Zappa;CAG;27;5,91;5,98;0;0;0 / 0;0;3;2;0;2025-26
Zortea;BOL;29;5,95;5,98;0;0;0 / 0;0;2;2;0;2025-26
Stulic;LEC;33;5,64;5,98;4;0;1 / 1;0;0;1;0;2025-26
Idzes;SAS;35;6,0;5,97;0;0;0 / 0;0;0;3;0;2025-26
Miller L.;UDI;19;5,95;5,97;0;0;0 / 0;0;2;4;0;2025-26
Elmas;NAP;30;5,82;5,97;1;0;0 / 0;0;3;3;0;2025-26
Gueye;UDI;15;5,83;5,97;1;0;0 / 0;0;0;2;0;2025-26
Vecino;LAZ;12;5,92;5,96;0;0;0 / 0;0;1;1;0;2025-26
Keita M.;PAR;36;5,92;5,96;1;0;0 / 0;0;1;1;0;2025-26
Coco;TOR;35;5,89;5,96;1;0;0 / 0;0;1;3;0;2025-26
Mosquera;VER;14;5,86;5,96;0;0;0 / 0;0;2;1;0;2025-26
Hien;ATA;28;6,0;5,95;1;0;0 / 0;0;0;5;0;2025-26
"Lucum&#xEC;";BOL;28;5,93;5,95;1;0;0 / 0;0;0;5;0;2025-26
Kossounou;ATA;17;5,79;5,94;1;0;0 / 0;0;0;1;0;2025-26
Luperto;CRE;34;5,88;5,94;1;0;0 / 0;0;1;4;0;2025-26
Marcandalli;GEN;31;5,97;5,94;0;0;0 / 0;0;1;4;0;2025-26
Venturino;ROM;8;5,94;5,94;0;0;0 / 0;0;0;0;0;2025-26
Cambiaso;JUV;36;5,76;5,94;3;0;0 / 0;0;4;3;1;2025-26
Lucca;NAP;9;5,67;5,94;1;0;0 / 0;0;0;1;0;2025-26
Ngonge;TOR;17;5,76;5,94;1;0;0 / 0;0;1;2;0;2025-26
Openda;JUV;17;5,76;5,94;1;0;0 / 0;0;0;0;0;2025-26
Van Der Brempt;COM;15;5,93;5,93;0;0;0 / 0;0;1;2;0;2025-26
Dele-Bashiru;LAZ;22;5,80;5,93;1;0;0 / 0;0;0;0;0;2025-26
Faye;CRE;7;6,0;5,93;0;0;0 / 0;0;0;1;0;2025-26
Sulemana I.;CAG;18;5,83;5,92;1;0;0 / 0;0;0;3;0;2025-26
Vitik;BOL;19;6,0;5,92;0;0;0 / 0;0;0;3;0;2025-26
Deiola;CAG;20;5,95;5,92;0;0;0 / 0;0;1;3;0;2025-26
Almqvist;PAR;12;5,83;5,92;0;0;0 / 0;0;1;0;0;2025-26
Pierini;SAS;6;6,0;5,92;0;0;0 / 0;0;0;1;0;2025-26
Frese;VER;31;5,92;5,92;2;0;0 / 0;0;0;8;0;2025-26
Marusic;LAZ;33;5,80;5,91;1;0;0 / 0;0;2;1;1;2025-26
Tomori;MIL;32;6,0;5,91;0;0;0 / 0;0;1;6;1;2025-26
Buongiorno;NAP;33;5,92;5,91;0;0;0 / 0;0;1;3;0;2025-26
Muharemovic;SAS;32;5,92;5,91;2;0;0 / 0;0;1;7;0;2025-26
Rodriguez Ju.;CAG;16;5,81;5,91;1;0;0 / 0;0;0;3;0;2025-26
Estevez;PAR;25;5,9;5,9;0;0;0 / 0;0;1;2;0;2025-26
"Tour&#xE8; I.";PIS;30;5,9;5,9;1;0;0 / 0;0;0;4;1;2025-26
Biraghi;TOR;10;5,9;5,9;0;0;0 / 0;0;0;0;0;2025-26
Bertola;UDI;25;5,92;5,9;0;0;0 / 0;0;1;3;0;2025-26
Ghilardi;ROM;21;5,93;5,90;0;0;0 / 0;0;0;1;0;2025-26
Harroui;VER;18;5,81;5,89;1;0;1 / 1;0;0;3;0;2025-26
Bella-Kotchap;VER;18;5,97;5,89;0;0;0 / 0;0;0;3;0;2025-26
Fortini;FIO;13;5,88;5,88;0;0;0 / 0;0;0;0;0;2025-26
De Winter;MIL;24;5,73;5,88;1;0;0 / 0;0;1;1;0;2025-26
Veiga D.;LEC;36;6,0;5,88;0;0;0 / 0;0;0;9;0;2025-26
Bayo V.;UDI;12;5,79;5,88;0;0;0 / 0;0;1;0;0;2025-26
Piotrowski;UDI;33;5,82;5,88;1;0;0 / 0;0;0;2;0;2025-26
Heggem;BOL;25;5,92;5,88;0;0;0 / 0;0;0;0;1;2025-26
Nkounkou;TOR;8;5,88;5,88;0;0;0 / 0;0;1;3;0;2025-26
Trepy;CAG;4;5,88;5,88;0;0;0 / 0;0;0;0;0;2025-26
Provstgaard;LAZ;23;5,93;5,87;0;0;0 / 0;0;0;3;0;2025-26
Adopo;CAG;38;5,80;5,86;1;0;0 / 0;0;1;4;0;2025-26
Sergi Roberto;COM;14;5,96;5,86;0;0;0 / 0;0;0;3;0;2025-26
Ramadani;LEC;37;5,92;5,86;1;0;0 / 0;0;0;10;0;2025-26
Karlstrom;UDI;36;5,86;5,86;1;0;0 / 0;0;0;6;0;2025-26
Slotsager;VER;7;5,86;5,86;0;0;0 / 0;0;0;0;0;2025-26
Sorensen O.;PAR;32;5,77;5,86;1;0;0 / 0;0;1;2;0;2025-26
Arizala;UDI;7;5,86;5,86;0;0;0 / 0;0;0;0;0;2025-26
Lykogiannis;BOL;10;5,9;5,85;0;0;0 / 0;0;1;3;0;2025-26
Nicolussi Caviglia;PAR;23;5,72;5,85;0;0;0 / 0;0;4;4;0;2025-26
Durosinmi;PIS;10;5,55;5,85;1;0;0 / 0;0;1;1;1;2025-26
Ferguson;BOL;25;5,86;5,84;1;0;0 / 0;0;0;5;1;2025-26
Grassi;CRE;28;5,93;5,84;0;0;0 / 0;0;0;3;1;2025-26
Ranieri L.;FIO;31;5,90;5,84;1;0;0 / 0;0;0;8;1;2025-26
Gila;LAZ;31;5,92;5,84;0;0;0 / 0;0;0;3;1;2025-26
Angori;PIS;35;5,81;5,84;0;0;0 / 0;0;2;2;0;2025-26
Oristanio;PAR;19;5,74;5,84;1;0;0 / 0;0;0;1;0;2025-26
Gagliardini;VER;29;5,91;5,84;1;0;0 / 0;0;0;10;0;2025-26
Aebischer;PIS;35;5,83;5,83;1;0;0 / 0;0;1;8;0;2025-26
Darmian;INT;6;5,83;5,83;0;0;0 / 0;0;0;0;0;2025-26
Bradaric;VER;29;5,79;5,83;0;0;0 / 0;0;2;2;0;2025-26
Sala A.;LEC;6;5,67;5,83;0;0;0 / 0;0;1;0;0;2025-26
Helland;BOL;6;6,0;5,83;0;0;0 / 0;0;0;2;0;2025-26
Carboni F.;PAR;3;5,83;5,83;0;0;0 / 0;0;0;0;0;2025-26
Dossena;CAG;11;5,95;5,82;0;0;0 / 0;0;1;5;0;2025-26
Rovella;LAZ;11;5,91;5,82;0;0;0 / 0;0;1;2;1;2025-26
Mazzocchi;NAP;11;5,82;5,82;0;0;0 / 0;0;1;0;1;2025-26
Niasse;VER;17;5,79;5,82;0;0;0 / 0;0;1;1;0;2025-26
Sanabria;CRE;24;5,69;5,81;1;0;0 / 0;0;1;2;0;2025-26
Djimsiti;ATA;33;5,86;5,80;0;0;0 / 0;0;0;4;0;2025-26
De Silvestri;BOL;10;5,9;5,8;0;0;0 / 0;0;0;2;0;2025-26
Cutrone;PAR;15;5,6;5,8;1;0;0 / 0;0;0;0;0;2025-26
Masini;GEN;23;5,87;5,80;0;0;0 / 0;0;1;5;0;2025-26
Ellertsson;GEN;35;5,73;5,8;1;0;0 / 0;0;1;1;1;2025-26
Romagna;SAS;5;5,8;5,8;0;0;0 / 0;0;0;0;0;2025-26
Masina;TOR;5;5,6;5,8;0;0;0 / 0;0;1;0;0;2025-26
Pedersen;TOR;28;5,68;5,80;1;0;0 / 0;0;2;3;0;2025-26
Prati;TOR;33;5,79;5,79;1;0;0 / 0;0;0;6;0;2025-26
Anjorin;TOR;12;5,83;5,79;0;0;0 / 0;0;0;1;0;2025-26
Zarraga;UDI;14;5,82;5,79;0;0;0 / 0;0;0;2;0;2025-26
Bianchetti;CRE;27;5,81;5,78;0;0;0 / 0;0;1;4;0;2025-26
Dzeko;FIO;9;5,83;5,78;0;0;0 / 0;0;0;1;0;2025-26
Tavares N.;LAZ;20;5,9;5,78;0;0;0 / 0;0;0;5;0;2025-26
Zerbin;CRE;30;5,75;5,78;0;0;0 / 0;0;2;2;0;2025-26
Lipani;SAS;23;5,80;5,78;0;0;0 / 0;0;1;3;0;2025-26
Sarr A.;VER;32;5,81;5,78;0;0;0 / 0;0;0;0;1;2025-26
Ziolkowski;ROM;9;5,94;5,78;0;0;0 / 0;0;0;3;0;2025-26
Bellanova;ATA;22;5,77;5,77;0;0;0 / 0;0;1;2;0;2025-26
Frattesi;INT;15;5,77;5,77;0;0;0 / 0;0;0;0;0;2025-26
Patric;LAZ;11;5,86;5,77;0;0;0 / 0;0;0;2;0;2025-26
Estupinan;MIL;15;5,73;5,77;1;0;0 / 0;0;1;5;1;2025-26
Canestrelli;PIS;37;5,74;5,77;1;0;0 / 0;0;0;4;0;2025-26
Lovric;VER;11;5,77;5,77;0;0;0 / 0;0;1;2;0;2025-26
Jashari;MIL;13;5,69;5,77;0;0;0 / 0;0;1;0;0;2025-26
Loyola;PIS;11;5,59;5,77;1;0;0 / 0;0;0;0;1;2025-26
Kolasinac;ATA;17;5,85;5,76;0;0;0 / 0;0;0;3;0;2025-26
Barbieri;CRE;27;5,87;5,76;0;0;0 / 0;0;1;8;0;2025-26
Gineitis;TOR;29;5,81;5,76;0;0;0 / 0;0;1;5;0;2025-26
Coulibaly W.;SAS;19;5,82;5,76;0;0;0 / 0;0;0;2;0;2025-26
Fullkrug;MIL;19;5,76;5,76;1;0;0 / 1;0;0;0;0;2025-26
Liteta;CAG;4;5,75;5,75;0;0;0 / 0;0;0;0;0;2025-26
Luvumbo;CAG;10;5,75;5,75;0;0;0 / 0;0;0;0;0;2025-26
Collocolo;CRE;6;5,83;5,75;0;0;0 / 0;0;0;1;0;2025-26
Richardson;FIO;2;5,75;5,75;0;0;0 / 0;0;0;0;0;2025-26
Carboni V.;GEN;10;5,85;5,75;0;0;0 / 0;0;0;2;0;2025-26
Olivera;NAP;24;5,81;5,75;0;0;0 / 0;0;0;3;0;2025-26
Akinsanmiro;PIS;24;5,75;5,75;0;0;0 / 0;0;1;2;0;2025-26
Braschi;FIO;2;5,75;5,75;0;0;0 / 0;0;0;0;0;2025-26
Iling Junior;PIS;4;5,75;5,75;0;0;0 / 0;0;0;0;0;2025-26
Dia;LAZ;25;5,56;5,74;1;0;0 / 0;0;2;1;0;2025-26
Sohm;BOL;25;5,76;5,74;0;0;0 / 0;0;1;3;0;2025-26
Troilo;PAR;21;5,81;5,74;1;0;0 / 0;0;0;5;2;2025-26
Vranckx;SAS;15;5,8;5,73;0;0;0 / 0;0;0;2;0;2025-26
Edmundsson;VER;15;5,97;5,73;0;0;0 / 0;0;0;3;0;2025-26
Comuzzo;FIO;25;5,72;5,72;1;0;0 / 0;0;0;2;0;2025-26
Pierotti;LEC;37;5,66;5,72;1;0;0 / 0;0;1;4;0;2025-26
Bondo;CRE;27;5,81;5,72;0;0;0 / 0;0;0;5;0;2025-26
Valenti;PAR;27;5,85;5,72;0;0;0 / 0;0;0;7;0;2025-26
Amorim;GEN;9;5,78;5,72;0;0;0 / 0;0;0;1;0;2025-26
Ahanor;ATA;21;5,81;5,71;0;0;0 / 0;0;0;2;1;2025-26
Caracciolo A.;PIS;35;5,74;5,71;2;0;0 / 0;0;0;10;0;2025-26
Angelino;ROM;7;5,86;5,71;0;0;0 / 0;0;0;2;0;2025-26
Walukiewicz;SAS;34;5,79;5,71;0;0;0 / 0;0;1;7;0;2025-26
Carnesecchi;ATA;37;6,49;5,70;0;35;0 / 0;2;0;0;0;2025-26
Helgason;LEC;5;5,7;5,7;0;0;0 / 0;0;0;0;0;2025-26
Piccinini G.;PIS;23;5,76;5,70;0;0;0 / 0;0;0;3;0;2025-26
Doig;SAS;27;5,80;5,70;0;0;0 / 0;0;0;5;0;2025-26
Payero;CRE;25;5,74;5,7;1;0;0 / 0;0;0;8;0;2025-26
Pellegrini Lu.;LAZ;24;5,73;5,69;1;0;0 / 0;0;0;8;0;2025-26
Ebosse;TOR;16;5,72;5,69;0;0;0 / 0;0;1;4;0;2025-26
Ndaba;LEC;11;5,68;5,68;0;0;0 / 0;0;0;0;0;2025-26
Gabbia;MIL;30;5,75;5,68;0;0;0 / 0;0;0;4;0;2025-26
Marianucci;TOR;11;5,68;5,68;0;0;0 / 0;0;1;2;0;2025-26
Lazaro;TOR;30;5,68;5,68;0;0;0 / 0;0;2;4;0;2025-26
"Z&#xE8; Pedro";CAG;22;5,77;5,68;0;0;0 / 0;0;1;6;0;2025-26
Fazzini;FIO;15;5,73;5,67;0;0;0 / 0;0;0;2;0;2025-26
Lazzari;LAZ;18;5,72;5,67;0;0;0 / 0;0;0;2;0;2025-26
Hysaj;LAZ;3;5,67;5,67;0;0;0 / 0;0;0;0;0;2025-26
Gaspar K.;LEC;21;5,86;5,67;0;0;0 / 0;0;0;6;1;2025-26
Hernani;PAR;3;5,67;5,67;0;0;0 / 0;0;0;0;0;2025-26
Meister;PIS;27;5,48;5,67;2;0;0 / 0;0;0;2;0;2025-26
Moro L.;SAS;6;5,75;5,67;0;0;0 / 0;0;0;1;0;2025-26
Goglichidze;UDI;6;5,83;5,67;0;0;0 / 0;0;0;2;0;2025-26
"Cand&#xE8;";SAS;9;5,78;5,67;0;0;0 / 0;0;0;2;0;2025-26
Cremaschi;PAR;3;5,67;5,67;0;0;0 / 0;0;0;0;0;2025-26
Mlacic;UDI;6;5,83;5,67;0;0;0 / 0;0;0;2;0;2025-26
Pezzella Giu.;CRE;31;5,79;5,66;0;0;0 / 0;0;1;8;1;2025-26
Pongracic;FIO;35;5,83;5,66;0;0;0 / 0;0;0;12;0;2025-26
Zemura;UDI;16;5,75;5,66;0;0;0 / 0;0;0;3;0;2025-26
Koopmeiners;JUV;31;5,73;5,65;0;0;0 / 0;0;0;5;0;2025-26
Ngom;LEC;13;5,69;5,65;0;0;0 / 0;0;0;1;0;2025-26
Floriani Mussolini;CRE;21;5,64;5,64;0;0;0 / 0;0;1;2;0;2025-26
Belahyane;LAZ;11;5,59;5,64;0;0;0 / 0;0;2;1;1;2025-26
Ordonez C.;PAR;22;5,61;5,64;1;0;0 / 0;0;0;3;1;2025-26
Vural;PIS;14;5,79;5,64;0;0;0 / 0;0;0;4;0;2025-26
Kulenovic;TOR;7;5,57;5,64;0;0;0 / 0;0;1;2;0;2025-26
Nelsson;VER;38;5,74;5,63;0;0;0 / 0;0;0;4;0;2025-26
Al-Musrati;VER;15;5,77;5,63;0;0;0 / 0;0;1;4;1;2025-26
Pessina Mas.;BOL;4;6,12;5,62;0;2;0 / 0;0;0;0;0;2025-26
Sabelli;GEN;13;5,77;5,62;0;0;0 / 0;0;0;0;0;2025-26
Rugani;FIO;8;5,75;5,62;0;0;0 / 0;0;0;2;0;2025-26
Gimenez;MIL;16;5,62;5,62;0;0;0 / 0;0;1;2;0;2025-26
Ondrejka;PAR;16;5,69;5,62;0;0;0 / 0;0;0;2;0;2025-26
Palma;UDI;4;5,62;5,62;0;0;0 / 0;0;0;0;0;2025-26
Britschgi;PAR;28;5,68;5,62;0;0;0 / 0;0;2;5;1;2025-26
Ratkov;LAZ;8;5,62;5,62;0;0;0 / 0;0;0;0;0;2025-26
Akpa Akpro;VER;22;5,68;5,61;1;0;0 / 0;0;0;9;0;2025-26
Tsimikas;ROM;16;5,62;5,59;0;0;0 / 0;0;0;1;0;2025-26
Camarda;LEC;19;5,61;5,58;1;0;0 / 1;0;0;1;0;2025-26
Lovik;PAR;6;5,58;5,58;0;0;0 / 0;0;0;0;0;2025-26
Calabresi;PIS;26;5,73;5,58;0;0;0 / 0;0;0;8;0;2025-26
Bailey;ROM;6;5,58;5,58;0;0;0 / 0;0;0;0;0;2025-26
Maleh;CRE;22;5,55;5,57;1;0;0 / 0;0;0;3;1;2025-26
Ilic;TOR;8;5,69;5,56;0;0;0 / 0;0;0;2;0;2025-26
Casale;BOL;10;5,55;5,55;0;0;0 / 0;0;0;0;0;2025-26
Kaba;LEC;11;5,59;5,55;0;0;0 / 0;0;0;1;0;2025-26
Valentini N.;VER;19;5,76;5,55;0;0;0 / 0;0;0;6;1;2025-26
Suslov;VER;10;5,7;5,55;0;0;0 / 0;0;0;1;1;2025-26
Milinkovic-Savic V.;NAP;27;6,09;5,54;0;24;0 / 0;3;0;0;0;2025-26
Maignan;MIL;37;6,36;5,53;0;35;0 / 0;2;0;4;0;2025-26
Immobile;BOL;6;5,58;5,5;0;0;0 / 0;0;0;1;0;2025-26
Di Pardo;CAG;1;5,5;5,5;0;0;0 / 0;0;0;0;0;2025-26
Gronbaek;GEN;3;5,67;5,5;0;0;0 / 0;0;0;1;0;2025-26
Perez M.;LEC;1;5,5;5,5;0;0;0 / 0;0;0;0;0;2025-26
Juan Jesus;NAP;22;5,73;5,5;0;0;0 / 0;0;0;8;1;2025-26
Boloca;SAS;2;5,5;5,5;0;0;0 / 0;0;0;0;0;2025-26
Tameze;TOR;19;5,55;5,5;0;0;0 / 0;0;0;3;0;2025-26
Padelli;UDI;2;6,5;5,5;0;2;0 / 0;0;0;0;0;2025-26
Oyegoke;VER;10;5,6;5,5;0;0;0 / 0;0;0;2;0;2025-26
Denoon;PIS;2;5,75;5,5;0;0;0 / 0;0;0;1;0;2025-26
Fini;GEN;1;5,5;5,5;0;0;0 / 0;0;0;0;0;2025-26
Stengs;PIS;1;5,5;5,5;0;0;0 / 0;0;0;0;0;2025-26
Lamptey;FIO;1;5,5;5,5;0;0;0 / 0;0;0;0;0;2025-26
Fofana Sa.;LEC;2;5,5;5,5;0;0;0 / 0;0;0;0;0;2025-26
Mikolajewski;PAR;1;5,5;5,5;0;0;0 / 0;0;0;0;0;2025-26
Svilar;ROM;38;6,30;5,49;0;31;0 / 0;0;0;0;0;2025-26
Tete Morente;LEC;15;5,47;5,47;0;0;0 / 0;0;1;2;0;2025-26
Hojholt;PIS;15;5,53;5,47;0;0;0 / 0;0;0;2;0;2025-26
Unai Nunez;VER;17;5,74;5,47;0;0;0 / 0;0;0;5;0;2025-26
"Mar&#xEC;";FIO;10;5,6;5,45;0;0;0 / 0;0;0;3;0;2025-26
Bonfanti;PIS;9;5,5;5,44;0;0;0 / 0;0;0;1;0;2025-26
Asllani;TOR;15;5,73;5,43;0;0;0 / 1;0;0;3;0;2025-26
Provedel;LAZ;27;6,33;5,43;0;27;0 / 0;1;0;1;0;2025-26
Viti;FIO;6;5,67;5,42;0;0;0 / 0;0;0;1;1;2025-26
Aboukhlal;TOR;12;5,58;5,42;0;0;0 / 0;0;0;4;0;2025-26
Otoa;GEN;10;5,65;5,4;0;0;0 / 0;0;0;1;0;2025-26
Lirola;VER;5;5,5;5,4;0;0;0 / 0;0;0;1;0;2025-26
Marin M.;PIS;22;5,55;5,39;0;0;0 / 0;0;0;7;0;2025-26
Butez;COM;38;6,08;5,38;0;29;0 / 0;1;1;3;0;2025-26
Ceccherini;CRE;8;5,44;5,38;0;0;0 / 0;0;1;1;1;2025-26
Kouassi;LEC;4;5,38;5,38;0;0;0 / 0;0;0;0;0;2025-26
Cham;VER;4;5,38;5,38;0;0;0 / 0;0;0;0;0;2025-26
Ndiaye;PAR;11;5,59;5,36;0;0;0 / 0;0;0;3;1;2025-26
Stojilkovic;PIS;13;5,35;5,35;0;0;0 / 0;0;0;0;0;2025-26
Morata;COM;20;5,58;5,32;0;0;0 / 1;0;0;2;1;2025-26
Falcone;LEC;38;6,49;5,30;0;50;0 / 0;2;0;2;0;2025-26
Di Gregorio;JUV;30;6,03;5,28;0;25;0 / 0;1;0;1;0;2025-26
Martinez Jo.;INT;5;6,0;5,2;0;4;0 / 0;0;0;0;0;2025-26
Skorupski;BOL;18;6,11;5,19;0;15;0 / 0;0;0;1;1;2025-26
Meret;NAP;11;6,23;5,18;0;12;0 / 0;0;1;1;0;2025-26
Mateus Lusuardi;PIS;3;5,33;5,17;0;0;0 / 0;0;0;1;0;2025-26
Corvi;PAR;17;6,21;5,12;0;18;0 / 0;0;0;1;0;2025-26
Bozhinov;PIS;8;5,31;5,12;0;0;0 / 0;0;0;1;1;2025-26
Perin;JUV;9;6,11;5,11;0;9;0 / 0;0;0;0;0;2025-26
Turati;SAS;6;6,25;5,08;0;7;0 / 0;0;0;0;0;2025-26
Okoye;UDI;30;6,03;5,05;0;32;0 / 0;1;1;1;1;2025-26
Caprile;CAG;38;6,43;5,01;0;53;0 / 0;0;0;2;0;2025-26
Di Gennaro;INT;1;6,0;5,0;0;1;0 / 0;0;0;0;0;2025-26
Furlanetto;LAZ;2;6,5;5,0;0;3;0 / 0;0;0;0;0;2025-26
Jimenez A.;MIL;1;5,5;5,0;0;0;0 / 0;0;0;1;0;2025-26
"Dembel&#xE8; A.";TOR;1;5,0;5,0;0;0;0 / 0;0;0;0;0;2025-26
Motta;LAZ;9;5,83;5,0;0;10;0 / 0;1;0;1;0;2025-26
De Gea;FIO;37;6,19;4,95;0;49;0 / 0;1;0;0;0;2025-26
Sommer;INT;33;5,83;4,92;0;30;0 / 0;0;0;0;0;2025-26
Suzuki;PAR;20;6,18;4,9;0;28;0 / 0;1;0;1;0;2025-26
Coppola F.;PIS;5;5,1;4,9;0;0;0 / 0;0;0;3;0;2025-26
Leali;GEN;22;6,20;4,89;0;27;0 / 0;0;0;2;1;2025-26
"Montip&#xF2;";VER;35;6,14;4,89;0;54;0 / 0;3;1;0;0;2025-26
Audero;CRE;34;6,07;4,78;0;50;0 / 0;2;0;0;0;2025-26
Muric;SAS;32;6,08;4,77;0;43;0 / 0;1;0;4;0;2025-26
Stanciu;GEN;4;5,5;4,75;0;0;0 / 1;0;0;0;0;2025-26
Silvestri;CRE;4;6,5;4,75;0;7;0 / 0;0;0;0;0;2025-26
Bijlow;GEN;16;6,03;4,75;0;20;0 / 0;0;0;1;0;2025-26
Cornet;GEN;6;5,08;4,58;0;0;0 / 1;0;0;0;0;2025-26
Sportiello;ATA;1;5,5;4,5;0;1;0 / 0;0;0;0;0;2025-26
Paleari;TOR;29;6,02;4,45;0;45;0 / 0;0;0;1;0;2025-26
Semper;PIS;25;6,12;4,44;0;42;0 / 0;0;0;0;0;2025-26
Ravaglia F.;BOL;17;6,15;4,32;0;29;0 / 0;0;0;4;0;2025-26
Scuffet;PIS;7;6,21;4,07;0;15;0 / 0;0;0;0;0;2025-26
Sommariva;GEN;2;5,75;3,75;0;4;0 / 0;0;0;0;0;2025-26
Israel;TOR;9;5,78;3,72;0;18;0 / 0;0;0;1;0;2025-26
Perilli;VER;3;6,0;3,67;0;7;0 / 0;0;0;0;0;2025-26
Nicolas;PIS;6;5,83;3,5;0;14;0 / 0;0;0;0;0;2025-26
Sava;UDI;7;5,43;3,36;0;14;0 / 0;0;0;1;0;2025-26
Rossi F.;ATA;0;0,0;0,0;0;0;0 / 0;0;0;0;0;2025-26
"Tour&#xE8; E.";ATA;0;0,0;0,0;0;0;0 / 0;0;0;0;0;2025-26
Erlic;BOL;0;0,0;0,0;0;0;0 / 0;0;0;0;0;2025-26
Ilic M.;BOL;0;0,0;0,0;0;0;0 / 0;0;0;0;0;2025-26
El Azzouzi;BOL;0;0,0;0,0;0;0;0 / 0;0;0;0;0;2025-26
Ndoye;BOL;0;0,0;0,0;0;0;0 / 0;0;0;0;0;2025-26
Karlsson;BOL;0;0,0;0,0;0;0;0 / 0;0;0;0;0;2025-26
Ciocci;CAG;0;0,0;0,0;0;0;0 / 0;0;0;0;0;2025-26
Radunovic;CAG;0;0,0;0,0;0;0;0 / 0;0;0;0;0;2025-26
Wieteska;CAG;0;0,0;0,0;0;0;0 / 0;0;0;0;0;2025-26
Veroli;CAG;0;0,0;0,0;0;0;0 / 0;0;0;0;0;2025-26
Vigorito;COM;0;0,0;0,0;0;0;0 / 0;0;0;0;0;2025-26
Jack;COM;0;0,0;0,0;0;0;0 / 0;0;0;0;0;2025-26
Braunoder;COM;0;0,0;0,0;0;0;0 / 0;0;0;0;0;2025-26
Engelhardt;COM;0;0,0;0,0;0;0;0 / 0;0;0;0;0;2025-26
Alli;COM;0;0,0;0,0;0;0;0 / 0;0;0;0;0;2025-26
Azon;COM;0;0,0;0,0;0;0;0 / 0;0;0;0;0;2025-26
Gabrielloni;COM;0;0,0;0,0;0;0;0 / 0;0;0;0;0;2025-26
Nava;CRE;0;0,0;0,0;0;0;0 / 0;0;0;0;0;2025-26
Ravanelli;CRE;0;0,0;0,0;0;0;0 / 0;0;0;0;0;2025-26
Azzi;CRE;0;0,0;0,0;0;0;0 / 0;0;0;0;0;2025-26
Quagliata;CRE;0;0,0;0,0;0;0;0 / 0;0;0;0;0;2025-26
Sernicola;CRE;0;0,0;0,0;0;0;0 / 0;0;0;0;0;2025-26
Castagnetti;CRE;0;0,0;0,0;0;0;0 / 0;0;0;0;0;2025-26
Pickel;CRE;0;0,0;0,0;0;0;0 / 0;0;0;0;0;2025-26
Valoti;CRE;0;0,0;0,0;0;0;0 / 0;0;0;0;0;2025-26
Zanimacchia;CRE;0;0,0;0,0;0;0;0 / 0;0;0;0;0;2025-26
Nasti;CRE;0;0,0;0,0;0;0;0 / 0;0;0;0;0;2025-26
Martinelli T.;FIO;0;0,0;0,0;0;0;0 / 0;0;0;0;0;2025-26
Bianco;FIO;0;0,0;0,0;0;0;0 / 0;0;0;0;0;2025-26
Beltran L.;FIO;0;0,0;0,0;0;0;0 / 0;0;0;0;0;2025-26
Siegrist;GEN;0;0,0;0,0;0;0;0 / 0;0;0;0;0;2025-26
Vogliacco;GEN;0;0,0;0,0;0;0;0 / 0;0;0;0;0;2025-26
Taremi;INT;0;0,0;0,0;0;0;0 / 0;0;0;0;0;2025-26
Pinsoglio;JUV;0;0,0;0,0;0;0;0 / 0;0;0;0;0;2025-26
Savona;JUV;0;0,0;0,0;0;0;0 / 0;0;0;0;0;2025-26
Rouhi;JUV;0;0,0;0,0;0;0;0 / 0;0;0;0;0;2025-26
Weah;JUV;0;0,0;0,0;0;0;0 / 0;0;0;0;0;2025-26
Douglas Luiz;JUV;0;0,0;0,0;0;0;0 / 0;0;0;0;0;2025-26
Mandas;LAZ;0;0,0;0,0;0;0;0 / 0;0;0;0;0;2025-26
Gigot;LAZ;0;0,0;0,0;0;0;0 / 0;0;0;0;0;2025-26
Fruchtl;LEC;0;0,0;0,0;0;0;0 / 0;0;0;0;0;2025-26
Samooja;LEC;0;0,0;0,0;0;0;0 / 0;0;0;0;0;2025-26
Rafia;LEC;0;0,0;0,0;0;0;0 / 0;0;0;0;0;2025-26
Marchwinski;LEC;0;0,0;0,0;0;0;0 / 0;0;0;0;0;2025-26
Torriani;MIL;0;0,0;0,0;0;0;0 / 0;0;0;0;0;2025-26
Thiaw;MIL;0;0,0;0,0;0;0;0 / 0;0;0;0;0;2025-26
Liberali;MIL;0;0,0;0,0;0;0;0 / 0;0;0;0;0;2025-26
Okafor;MIL;0;0,0;0,0;0;0;0 / 0;0;0;0;0;2025-26
Balogh;PAR;0;0,0;0,0;0;0;0 / 0;0;0;0;0;2025-26
Leoni;PAR;0;0,0;0,0;0;0;0 / 0;0;0;0;0;2025-26
Hainaut;PAR;0;0,0;0,0;0;0;0 / 0;0;0;0;0;2025-26
Man;PAR;0;0,0;0,0;0;0;0 / 0;0;0;0;0;2025-26
Mbambi;PIS;0;0,0;0,0;0;0;0 / 0;0;0;0;0;2025-26
Rus;PIS;0;0,0;0,0;0;0;0 / 0;0;0;0;0;2025-26
Arena;PIS;0;0,0;0,0;0;0;0 / 0;0;0;0;0;2025-26
Bonfanti N.;PIS;0;0,0;0,0;0;0;0 / 0;0;0;0;0;2025-26
Lind;PIS;0;0,0;0,0;0;0;0 / 0;0;0;0;0;2025-26
Zelezny;ROM;0;0,0;0,0;0;0;0 / 0;0;0;0;0;2025-26
Gollini;ROM;0;0,0;0,0;0;0;0 / 0;0;0;0;0;2025-26
Kumbulla;ROM;0;0,0;0,0;0;0;0 / 0;0;0;0;0;2025-26
Abdulhamid;ROM;0;0,0;0,0;0;0;0 / 0;0;0;0;0;2025-26
Salah-Eddine;ROM;0;0,0;0,0;0;0;0 / 0;0;0;0;0;2025-26
Russo A.;SAS;0;0,0;0,0;0;0;0 / 0;0;0;0;0;2025-26
Satalino;SAS;0;0,0;0,0;0;0;0 / 0;0;0;0;0;2025-26
Odenthal;SAS;0;0,0;0,0;0;0;0 / 0;0;0;0;0;2025-26
Missori;SAS;0;0,0;0,0;0;0;0 / 0;0;0;0;0;2025-26
Paz Y.;SAS;0;0,0;0,0;0;0;0 / 0;0;0;0;0;2025-26
Pieragnolo;SAS;0;0,0;0,0;0;0;0 / 0;0;0;0;0;2025-26
Ghion;SAS;0;0,0;0,0;0;0;0 / 0;0;0;0;0;2025-26
Alvarez A.;SAS;0;0,0;0,0;0;0;0 / 0;0;0;0;0;2025-26
Mulattieri;SAS;0;0,0;0,0;0;0;0 / 0;0;0;0;0;2025-26
Skjellerup;SAS;0;0,0;0,0;0;0;0 / 0;0;0;0;0;2025-26
Donnarumma An.;TOR;0;0,0;0,0;0;0;0 / 0;0;0;0;0;2025-26
Popa;TOR;0;0,0;0,0;0;0;0 / 0;0;0;0;0;2025-26
Schuurs;TOR;0;0,0;0,0;0;0;0 / 0;0;0;0;0;2025-26
Giannetti L.;UDI;0;0,0;0,0;0;0;0 / 0;0;0;0;0;2025-26
Pafundi;UDI;0;0,0;0,0;0;0;0 / 0;0;0;0;0;2025-26
Brenner;UDI;0;0,0;0,0;0;0;0 / 0;0;0;0;0;2025-26
Sanchez;UDI;0;0,0;0,0;0;0;0 / 0;0;0;0;0;2025-26
Thauvin;UDI;0;0,0;0,0;0;0;0 / 0;0;0;0;0;2025-26
Pizarro;UDI;0;0,0;0,0;0;0;0 / 0;0;0;0;0;2025-26
Tchatchoua;VER;0;0,0;0,0;0;0;0 / 0;0;0;0;0;2025-26
Santiago;VER;0;0,0;0,0;0;0;0 / 0;0;0;0;0;2025-26
"Ciss&#xE8; A.";VER;0;0,0;0,0;0;0;0 / 0;0;0;0;0;2025-26
Rocha Livramento;VER;0;0,0;0,0;0;0;0 / 0;0;0;0;0;2025-26
Vasquez D.;ROM;0;0,0;0,0;0;0;0 / 0;0;0;0;0;2025-26
Nunziante;UDI;0;0,0;0,0;0;0;0 / 0;0;0;0;0;2025-26
Lezzerini;FIO;0;0,0;0,0;0;0;0 / 0;0;0;0;0;2025-26
Godfrey;ATA;0;0,0;0,0;0;0;0 / 0;0;0;0;0;2025-26
Rog;CAG;0;0,0;0,0;0;0;0 / 0;0;0;0;0;2025-26
Frigan;PAR;0;0,0;0,0;0;0;0 / 0;0;0;0;0;2025-26
Cuenca H.;GEN;0;0,0;0,0;0;0;0 / 0;0;0;0;0;2025-26
Toniolo;VER;0;0,0;0,0;0;0;0 / 0;0;0;0;0;2025-26
Cavlina;COM;0;0,0;0,0;0;0;0 / 0;0;0;0;0;2025-26
Balentien;MIL;0;0,0;0,0;0;0;0 / 0;0;0;0;0;2025-26
Odogu;MIL;0;0,0;0,0;0;0;0 / 0;0;0;0;0;2025-26
Palacios T.;INT;0;0,0;0,0;0;0;0 / 0;0;0;0;0;2025-26
Ferrante;NAP;0;0,0;0,0;0;0;0 / 0;0;0;0;0;2025-26
Calligaris;INT;0;0,0;0,0;0;0;0 / 0;0;0;0;0;2025-26
Guaita;PAR;0;0,0;0,0;0;0;0 / 0;0;0;0;0;2025-26
Tornqvist;COM;0;0,0;0,0;0;0;0 / 0;0;0;0;0;2025-26
Sherri;CAG;0;0,0;0,0;0;0;0 / 0;0;0;0;0;2025-26
Tchoca;TOR;0;0,0;0,0;0;0;0 / 0;0;0;0;0;2025-26
Przyborek;LAZ;0;0,0;0,0;0;0;0 / 0;0;0;0;0;2025-26
Raterink;CAG;0;0,0;0,0;0;0;0 / 0;0;0;0;0;2025-26
Lahdo;COM;0;0,0;0,0;0;0;0 / 0;0;0;0;0;2025-26
Siviero;TOR;0;0,0;0,0;0;0;0 / 0;0;0;0;0;2025-26
Pannozzo;LAZ;0;0,0;0,0;0;0;0 / 0;0;0;0;0;2025-26
Giacomone;LAZ;0;0,0;0,0;0;0;0 / 0;0;0;0;0;2025-26
Mosconi;INT;0;0,0;0,0;0;0;0 / 0;0;0;0;0;2025-26
